ID,Name,Language,Genres,Premiered,Status,Runtime,Official Site,Network,Country
18,The Amazing Race,English,"Action, Adventure, Family",2001-09-05,Running,90.0,http://www.cbs.com/shows/amazing_race/,CBS,United States
31,Marvel's Agents of S.H.I.E.L.D.,English,"Action, Adventure, Science-Fiction",2013-09-24,Ended,60.0,http://abc.go.com/shows/marvels-agents-of-shield,ABC,United States
6,The 100,English,"Action, Adventure, Science-Fiction",2014-03-19,Ended,60.0,http://www.cwtv.com/shows/the-100/,The CW,United States
2,Person of Interest,English,"Action, Crime, Science-Fiction",2011-09-22,Ended,60.0,http://www.cbs.com/shows/person_of_interest/,CBS,United States
38,Z Nation,English,"Action, Horror, Science-Fiction",2014-09-12,Ended,60.0,http://www.syfy.com/znation,Syfy,United States
43,Outlander,English,"Adventure, Romance, Science-Fiction",2014-08-09,Running,60.0,https://www.starz.com/us/en/series/outlander/21796,STARZ,United States
27,Berserk,Japanese,"Anime, Fantasy, Horror",1997-10-07,Ended,25.0,,NTV,Japan
40,Death Note,Japanese,"Anime, Fantasy, Thriller",2006-10-03,Ended,30.0,http://www.j-deathnote.com/,NTV,Japan
25,Hellsing,Japanese,"Anime, Horror, Supernatural",2001-10-10,Ended,30.0,,Fuji TV,Japan
49,Brooklyn Nine-Nine,English,"Comedy, Action, Crime",2013-09-17,Ended,30.0,https://www.nbc.com/brooklyn-nine-nine,NBC,United States
41,Last Man Standing,English,"Comedy, Family",2011-10-11,Ended,30.0,https://www.fox.com/last-man-standing/,FOX,United States
48,Madam Secretary,English,Drama,2014-09-21,Ended,60.0,http://www.cbs.com/shows/madam-secretary/,CBS,United States
26,Hellsing Ultimate,Japanese,"Drama, Action, Anime, Horror",2006-02-10,Ended,50.0,,TBS,Japan
11,Gotham,English,"Drama, Action, Crime",2014-09-22,Ended,60.0,http://www.fox.com/gotham,FOX,United States
24,Hawaii Five-0,English,"Drama, Action, Crime",2010-09-20,Ended,60.0,http://www.cbs.com/shows/hawaii_five_0/,CBS,United States
29,Vikings,English,"Drama, Action, History",2013-03-03,Ended,60.0,https://www.history.ca/shows/vikings/,History,Canada
15,Constantine,English,"Drama, Action, Horror",2014-10-24,Ended,60.0,https://www.nbc.com/constantine,NBC,United States
13,The Flash,English,"Drama, Action, Science-Fiction",2014-10-07,Ended,60.0,http://www.cwtv.com/shows/the-flash/,The CW,United States
4,Arrow,English,"Drama, Action, Science-Fiction",2012-10-10,Ended,60.0,http://www.cwtv.com/shows/arrow,The CW,United States
19,Supernatural,English,"Drama, Action, Supernatural",2005-09-13,Ended,60.0,http://www.cwtv.com/shows/supernatural,The CW,United States
44,Scorpion,English,"Drama, Action, Thriller",2014-09-22,Ended,60.0,http://www.cbs.com/shows/scorpion/,CBS,United States
21,The Last Ship,English,"Drama, Action, Thriller",2014-06-22,Ended,60.0,http://www.tntdrama.com/shows/the-last-ship,TNT,United States
23,Once Upon a Time in Wonderland,English,"Drama, Adventure, Fantasy",2013-10-10,Ended,60.0,,ABC,United States
28,Californication,English,"Drama, Comedy",2007-08-13,Ended,30.0,http://www.sho.com/sho/californication/home,Paramount+ with Showtime,United States
32,Fargo,English,"Drama, Comedy, Crime",2014-04-15,To Be Determined,60.0,http://www.fxnetworks.com/fargo,FX,United States
45,NCIS: New Orleans,English,"Drama, Crime",2014-09-23,Ended,60.0,http://www.cbs.com/shows/ncis-new-orleans/,CBS,United States
14,Continuum,English,"Drama, Crime, Science-Fiction",2012-05-27,Ended,60.0,,Showcase,Canada
10,Grimm,English,"Drama, Crime, Supernatural",2011-10-28,Ended,60.0,http://www.nbc.com/grimm,NBC,United States
46,Forever,English,"Drama, Crime, Supernatural",2014-09-22,Ended,60.0,http://abc.go.com/shows/forever,ABC,United States
5,True Detective,English,"Drama, Crime, Thriller",2014-01-12,Running,60.0,https://www.max.com/shows/true-detective/9a4a3645-74e0-4e4d-9f35-31464b402357,HBO,United States
35,The Killing,English,"Drama, Crime, Thriller",2011-04-03,Ended,60.0,http://www.amc.com/shows/the-killing,AMC,United States
12,Lost Girl,English,"Drama, Fantasy, Horror",2010-09-12,Ended,60.0,http://www.showcase.ca/lostgirl,Showcase,Canada
47,Witches of East End,English,"Drama, Fantasy, Romance",2013-10-06,Ended,60.0,,Lifetime,United States
37,Intruders,English,"Drama, Fantasy, Thriller",2014-08-23,Ended,60.0,http://www.bbc.co.uk/programmes/b04nf78f,BBC America,United States
3,Bitten,English,"Drama, Horror, Romance",2014-01-11,Ended,60.0,http://bitten.space.ca/,CTV Sci-Fi Channel,Canada
30,American Horror Story,English,"Drama, Horror, Thriller",2011-10-05,Running,60.0,http://www.fxnetworks.com/shows/american-horror-story,FX,United States
33,Hemlock Grove,English,"Drama, Horror, Thriller",2013-04-19,Ended,,https://www.netflix.com/title/70242310,,
20,The Strain,English,"Drama, Horror, Thriller",2014-07-13,Ended,60.0,http://www.fxnetworks.com/thestrain,FX,United States
8,Glee,English,"Drama, Music, Romance",2009-05-19,Ended,60.0,http://www.fox.com/glee,FOX,United States
42,Sleepy Hollow,English,"Drama, Mystery, Supernatural",2013-09-16,Ended,60.0,http://www.fox.com/sleepy-hollow,FOX,United States
22,True Blood,English,"Drama, Romance, Supernatural",2008-09-07,Ended,60.0,http://www.hbo.com/true-blood,HBO,United States
39,Resurrection,English,"Drama, Science-Fiction, Mystery",2014-03-09,Ended,60.0,,ABC,United States
1,Under the Dome,English,"Drama, Science-Fiction, Thriller",2013-06-24,Ended,60.0,http://www.cbs.com/shows/under-the-dome/,CBS,United States
7,Homeland,English,"Drama, Thriller, Espionage",2011-10-02,Ended,60.0,http://www.sho.com/sho/homeland/home,Paramount+ with Showtime,United States
9,Revenge,English,"Drama, Thriller, Mystery",2011-09-21,Ended,60.0,,ABC,United States
34,Helix,English,"Horror, Science-Fiction, Thriller",2014-01-10,Ended,60.0,,Syfy,United States
16,Penny Dreadful,English,"Horror, Thriller, Supernatural",2014-05-11,Ended,60.0,http://www.sho.com/penny-dreadful,Paramount+ with Showtime,United States
